{
  "accuracy_train": 0.9999103139013453,
  "accuracy_test": 0.6850789096126255,
  "f1_score_train": 0.9998774960186206,
  "f1_score_test": 0.49130938586326767,
  "recall_test": 0.3833634719710669,
  "precision_test": 0.6838709677419355
}