{
  "accuracy_train": 0.9999103139013453,
  "accuracy_test": 0.6822094691535151,
  "f1_score_train": 0.9998775260257196,
  "f1_score_test": 0.48548199767711964,
  "recall_test": 0.3779385171790235,
  "precision_test": 0.6785714285714286
}