{
  "accuracy_train": 0.9998206278026905,
  "accuracy_test": 0.6843615494978479,
  "f1_score_train": 0.9997550220480157,
  "f1_score_test": 0.4895591647331787,
  "recall_test": 0.38155515370705245,
  "precision_test": 0.6828478964401294
}