{
  "BookingID": {
    "count": 2788.0,
    "mean": 25234.721664275465,
    "std": 8696.122680906816,
    "min": 10000.0,
    "25%": 17685.25,
    "50%": 25070.5,
    "75%": 32793.75,
    "max": 39989.0
  },
  "ArrivalYear": {
    "count": 2788.0,
    "mean": 2016.0,
    "std": 0.0,
    "min": 2016.0,
    "25%": 2016.0,
    "50%": 2016.0,
    "75%": 2016.0,
    "max": 2016.0
  },
  "ArrivalMonth": {
    "count": 2788.0,
    "mean": 6.950143472022956,
    "std": 3.1902968887657326,
    "min": 1.0,
    "25%": 4.0,
    "50%": 7.0,
    "75%": 10.0,
    "max": 12.0
  },
  "ArrivalWeekNumber": {
    "count": 2788.0,
    "mean": 29.25035868005739,
    "std": 13.972617252387181,
    "min": 1.0,
    "25%": 18.0,
    "50%": 30.0,
    "75%": 41.0,
    "max": 53.0
  },
  "ArrivalDayOfMonth": {
    "count": 2788.0,
    "mean": 15.779411764705882,
    "std": 8.97917173360851,
    "min": 1.0,
    "25%": 8.0,
    "50%": 16.0,
    "75%": 24.0,
    "max": 31.0
  },
  "ArrivalHour": {
    "count": 2788.0,
    "mean": 18.774569583931132,
    "std": 2.878143013496009,
    "min": 14.0,
    "25%": 16.25,
    "50%": 18.75,
    "75%": 21.25,
    "max": 23.75
  },
  "WeekendStays": {
    "count": 2788.0,
    "mean": 0.8708751793400287,
    "std": 0.9819897831347263,
    "min": 0.0,
    "25%": 0.0,
    "50%": 1.0,
    "75%": 2.0,
    "max": 14.0
  },
  "WeekdayStays": {
    "count": 2788.0,
    "mean": 2.3565279770444763,
    "std": 1.8831691972909201,
    "min": 0.0,
    "25%": 1.0,
    "50%": 2.0,
    "75%": 3.0,
    "max": 34.0
  },
  "Adults": {
    "count": 2788.0,
    "mean": 1.8938307030129125,
    "std": 0.5439341229753849,
    "min": 0.0,
    "25%": 2.0,
    "50%": 2.0,
    "75%": 2.0,
    "max": 4.0
  },
  "Children": {
    "count": 2788.0,
    "mean": 0.1406025824964132,
    "std": 0.44940808962802337,
    "min": 0.0,
    "25%": 0.0,
    "50%": 0.0,
    "75%": 0.0,
    "max": 3.0
  },
  "Babies": {
    "count": 2788.0,
    "mean": 0.008967001434720229,
    "std": 0.09801734753450918,
    "min": 0.0,
    "25%": 0.0,
    "50%": 0.0,
    "75%": 0.0,
    "max": 2.0
  },
  "FirstTimeGuest": {
    "count": 2788.0,
    "mean": 0.9759684361549498,
    "std": 0.1531746170287202,
    "min": 0.0,
    "25%": 1.0,
    "50%": 1.0,
    "75%": 1.0,
    "max": 1.0
  },
  "AffiliatedCustomer": {
    "count": 2788.0,
    "mean": 0.00430416068866571,
    "std": 0.06547650428016628,
    "min": 0.0,
    "25%": 0.0,
    "50%": 0.0,
    "75%": 0.0,
    "max": 1.0
  },
  "PreviousReservations": {
    "count": 2788.0,
    "mean": 0.1567431850789096,
    "std": 1.5826135574081375,
    "min": 0.0,
    "25%": 0.0,
    "50%": 0.0,
    "75%": 0.0,
    "max": 41.0
  },
  "PreviousStays": {
    "count": 2788.0,
    "mean": 0.13055954088952654,
    "std": 1.3011650994844313,
    "min": 0.0,
    "25%": 0.0,
    "50%": 0.0,
    "75%": 0.0,
    "max": 38.0
  },
  "PreviousCancellations": {
    "count": 2788.0,
    "mean": 0.02618364418938307,
    "std": 0.43653091203638805,
    "min": 0.0,
    "25%": 0.0,
    "50%": 0.0,
    "75%": 0.0,
    "max": 11.0
  },
  "DaysUntilConfirmation": {
    "count": 2788.0,
    "mean": 0.5979196556671449,
    "std": 8.059793320257558,
    "min": 0.0,
    "25%": 0.0,
    "50%": 0.0,
    "75%": 0.0,
    "max": 187.0
  },
  "OnlineReservation": {
    "count": 2788.0,
    "mean": 0.9024390243902439,
    "std": 0.29677335154395695,
    "min": 0.0,
    "25%": 1.0,
    "50%": 1.0,
    "75%": 1.0,
    "max": 1.0
  },
  "BookingChanges": {
    "count": 2788.0,
    "mean": 0.22417503586800575,
    "std": 0.6509330893612939,
    "min": 0.0,
    "25%": 0.0,
    "50%": 0.0,
    "75%": 0.0,
    "max": 8.0
  },
  "BookingToArrivalDays": {
    "count": 2788.0,
    "mean": 68.16068866571018,
    "std": 65.71189472092591,
    "min": 0.0,
    "25%": 14.0,
    "50%": 47.5,
    "75%": 107.0,
    "max": 277.0
  },
  "ParkingSpacesBooked": {
    "count": 2788.0,
    "mean": 0.040889526542324243,
    "std": 0.19806979772309152,
    "min": 0.0,
    "25%": 0.0,
    "50%": 0.0,
    "75%": 0.0,
    "max": 1.0
  },
  "SpecialRequests": {
    "count": 2788.0,
    "mean": 0.6631994261119082,
    "std": 0.7848457624728414,
    "min": 0.0,
    "25%": 0.0,
    "50%": 0.0,
    "75%": 1.0,
    "max": 5.0
  },
  "PartOfGroup": {
    "count": 2788.0,
    "mean": 0.0010760401721664275,
    "std": 0.03279127912871897,
    "min": 0.0,
    "25%": 0.0,
    "50%": 0.0,
    "75%": 0.0,
    "max": 1.0
  },
  "CompanyReservation": {
    "count": 2788.0,
    "mean": 1.0,
    "std": 0.0,
    "min": 1.0,
    "25%": 1.0,
    "50%": 1.0,
    "75%": 1.0,
    "max": 1.0
  },
  "OrderedMealsPerDay": {
    "count": 2788.0,
    "mean": 0.8662123385939742,
    "std": 0.4486943152664237,
    "min": 0.0,
    "25%": 1.0,
    "50%": 1.0,
    "75%": 1.0,
    "max": 2.0
  },
  "FloorReserved": {
    "count": 2788.0,
    "mean": 5.034074605451937,
    "std": 1.570238419739728,
    "min": 0.0,
    "25%": 3.0,
    "50%": 6.0,
    "75%": 6.0,
    "max": 6.0
  },
  "FloorAssigned": {
    "count": 2788.0,
    "mean": 4.766857962697274,
    "std": 1.714922964305724,
    "min": -1.0,
    "25%": 3.0,
    "50%": 6.0,
    "75%": 6.0,
    "max": 6.0
  },
  "DailyRateEuros": {
    "count": 2788.0,
    "mean": 109.03779053084648,
    "std": 36.87517411215599,
    "min": 0.0,
    "25%": 85.0,
    "50%": 103.7,
    "75%": 131.75,
    "max": 242.9
  },
  "DailyRateUSD": {
    "count": 2788.0,
    "mean": 107.94741262553802,
    "std": 36.506422371034425,
    "min": 0.0,
    "25%": 84.15,
    "50%": 102.663,
    "75%": 130.4325,
    "max": 240.471
  },
  "%PaidinAdvance": {
    "count": 2788.0,
    "mean": 0.007890961262553802,
    "std": 0.0884957795425919,
    "min": 0.0,
    "25%": 0.0,
    "50%": 0.0,
    "75%": 0.0,
    "max": 1.0
  },
  "CountryofOriginAvgIncomeEuros (Year-2)": {
    "count": 2788.0,
    "mean": 36483.64241391679,
    "std": 12429.723289435105,
    "min": 1291.75,
    "25%": 28742.44,
    "50%": 36194.87,
    "75%": 41757.4,
    "max": 123308.2
  },
  "CountryofOriginAvgIncomeEuros (Year-1)": {
    "count": 2788.0,
    "mean": 37740.141413199424,
    "std": 13236.705369687881,
    "min": 1354.39,
    "25%": 29668.86,
    "50%": 36909.33,
    "75%": 42535.48,
    "max": 123822.08
  },
  "CountryofOriginHDI (Year-1)": {
    "count": 2788.0,
    "mean": 0.8722905308464849,
    "std": 0.06223997411207656,
    "min": 0.432,
    "25%": 0.842,
    "50%": 0.885,
    "75%": 0.918,
    "max": 0.948
  }
}