{
  "BookingID": {
    "count": 2788.0,
    "mean": 24936.65961262554,
    "std": 8678.139365815676,
    "min": 10004.0,
    "25%": 17498.75,
    "50%": 24805.0,
    "75%": 32476.0,
    "max": 39982.0
  },
  "ArrivalYear": {
    "count": 2788.0,
    "mean": 2016.0,
    "std": 0.0,
    "min": 2016.0,
    "25%": 2016.0,
    "50%": 2016.0,
    "75%": 2016.0,
    "max": 2016.0
  },
  "ArrivalMonth": {
    "count": 2788.0,
    "mean": 6.810616929698709,
    "std": 3.1498859900931633,
    "min": 1.0,
    "25%": 4.0,
    "50%": 7.0,
    "75%": 9.0,
    "max": 12.0
  },
  "ArrivalWeekNumber": {
    "count": 2788.0,
    "mean": 28.681850789096128,
    "std": 13.800656781845854,
    "min": 1.0,
    "25%": 17.0,
    "50%": 29.0,
    "75%": 40.0,
    "max": 53.0
  },
  "ArrivalDayOfMonth": {
    "count": 2788.0,
    "mean": 16.06671449067432,
    "std": 8.759670264619754,
    "min": 1.0,
    "25%": 9.0,
    "50%": 16.0,
    "75%": 24.0,
    "max": 31.0
  },
  "ArrivalHour": {
    "count": 2788.0,
    "mean": 18.893741032998566,
    "std": 2.8853423221724976,
    "min": 14.0,
    "25%": 16.25,
    "50%": 19.0,
    "75%": 21.5,
    "max": 23.75
  },
  "WeekendStays": {
    "count": 2788.0,
    "mean": 0.8963414634146342,
    "std": 0.9716177999801092,
    "min": 0.0,
    "25%": 0.0,
    "50%": 1.0,
    "75%": 2.0,
    "max": 14.0
  },
  "WeekdayStays": {
    "count": 2788.0,
    "mean": 2.292682926829268,
    "std": 1.7536850055147846,
    "min": 0.0,
    "25%": 1.0,
    "50%": 2.0,
    "75%": 3.0,
    "max": 35.0
  },
  "Adults": {
    "count": 2788.0,
    "mean": 1.8812769010043042,
    "std": 0.5376738474315536,
    "min": 0.0,
    "25%": 2.0,
    "50%": 2.0,
    "75%": 2.0,
    "max": 3.0
  },
  "Children": {
    "count": 2788.0,
    "mean": 0.12769010043041606,
    "std": 0.4271644158799205,
    "min": 0.0,
    "25%": 0.0,
    "50%": 0.0,
    "75%": 0.0,
    "max": 2.0
  },
  "Babies": {
    "count": 2788.0,
    "mean": 0.00860832137733142,
    "std": 0.2020645151347002,
    "min": 0.0,
    "25%": 0.0,
    "50%": 0.0,
    "75%": 0.0,
    "max": 10.0
  },
  "FirstTimeGuest": {
    "count": 2788.0,
    "mean": 0.9745337159253945,
    "std": 0.1575647716873724,
    "min": 0.0,
    "25%": 1.0,
    "50%": 1.0,
    "75%": 1.0,
    "max": 1.0
  },
  "AffiliatedCustomer": {
    "count": 2788.0,
    "mean": 0.004662840746054519,
    "std": 0.06813783038124983,
    "min": 0.0,
    "25%": 0.0,
    "50%": 0.0,
    "75%": 0.0,
    "max": 1.0
  },
  "PreviousReservations": {
    "count": 2788.0,
    "mean": 0.20982783357245338,
    "std": 2.0177051551355762,
    "min": 0.0,
    "25%": 0.0,
    "50%": 0.0,
    "75%": 0.0,
    "max": 46.0
  },
  "PreviousStays": {
    "count": 2788.0,
    "mean": 0.16857962697274032,
    "std": 1.7460568703973918,
    "min": 0.0,
    "25%": 0.0,
    "50%": 0.0,
    "75%": 0.0,
    "max": 43.0
  },
  "PreviousCancellations": {
    "count": 2788.0,
    "mean": 0.04124820659971305,
    "std": 0.5111798043117662,
    "min": 0.0,
    "25%": 0.0,
    "50%": 0.0,
    "75%": 0.0,
    "max": 11.0
  },
  "DaysUntilConfirmation": {
    "count": 2788.0,
    "mean": 0.6865136298421808,
    "std": 8.235762043110734,
    "min": 0.0,
    "25%": 0.0,
    "50%": 0.0,
    "75%": 0.0,
    "max": 178.0
  },
  "OnlineReservation": {
    "count": 2788.0,
    "mean": 0.8974175035868006,
    "std": 0.3034672297557657,
    "min": 0.0,
    "25%": 1.0,
    "50%": 1.0,
    "75%": 1.0,
    "max": 1.0
  },
  "BookingChanges": {
    "count": 2788.0,
    "mean": 0.23529411764705882,
    "std": 0.7968468220733606,
    "min": 0.0,
    "25%": 0.0,
    "50%": 0.0,
    "75%": 0.0,
    "max": 21.0
  },
  "BookingToArrivalDays": {
    "count": 2788.0,
    "mean": 69.46377331420373,
    "std": 65.54976674270648,
    "min": 0.0,
    "25%": 15.0,
    "50%": 50.0,
    "75%": 106.0,
    "max": 276.0
  },
  "ParkingSpacesBooked": {
    "count": 2788.0,
    "mean": 0.039813486370157816,
    "std": 0.19555584713327567,
    "min": 0.0,
    "25%": 0.0,
    "50%": 0.0,
    "75%": 0.0,
    "max": 1.0
  },
  "SpecialRequests": {
    "count": 2788.0,
    "mean": 0.6646341463414634,
    "std": 0.8012890867301475,
    "min": 0.0,
    "25%": 0.0,
    "50%": 0.0,
    "75%": 1.0,
    "max": 4.0
  },
  "PartOfGroup": {
    "count": 2788.0,
    "mean": 0.002152080344332855,
    "std": 0.04634888799085172,
    "min": 0.0,
    "25%": 0.0,
    "50%": 0.0,
    "75%": 0.0,
    "max": 1.0
  },
  "CompanyReservation": {
    "count": 2788.0,
    "mean": 1.0,
    "std": 0.0,
    "min": 1.0,
    "25%": 1.0,
    "50%": 1.0,
    "75%": 1.0,
    "max": 1.0
  },
  "OrderedMealsPerDay": {
    "count": 2788.0,
    "mean": 0.8586800573888091,
    "std": 0.46178696239775124,
    "min": 0.0,
    "25%": 1.0,
    "50%": 1.0,
    "75%": 1.0,
    "max": 3.0
  },
  "FloorReserved": {
    "count": 2788.0,
    "mean": 5.050573888091822,
    "std": 1.5509374321587361,
    "min": 0.0,
    "25%": 3.0,
    "50%": 6.0,
    "75%": 6.0,
    "max": 6.0
  },
  "FloorAssigned": {
    "count": 2788.0,
    "mean": 4.7980631276901,
    "std": 1.690993209343903,
    "min": -1.0,
    "25%": 3.0,
    "50%": 6.0,
    "75%": 6.0,
    "max": 6.0
  },
  "DailyRateEuros": {
    "count": 2788.0,
    "mean": 107.21928981348637,
    "std": 36.80496383794238,
    "min": 0.0,
    "25%": 82.7125,
    "50%": 102.315,
    "75%": 129.0,
    "max": 242.0
  },
  "DailyRateUSD": {
    "count": 2788.0,
    "mean": 106.1470969153515,
    "std": 36.436914199562956,
    "min": 0.0,
    "25%": 81.88537500000001,
    "50%": 101.29185000000001,
    "75%": 127.71,
    "max": 239.58
  },
  "%PaidinAdvance": {
    "count": 2788.0,
    "mean": 0.01312410329985653,
    "std": 0.11344475578804197,
    "min": 0.0,
    "25%": 0.0,
    "50%": 0.0,
    "75%": 0.0,
    "max": 1.0
  },
  "CountryofOriginAvgIncomeEuros (Year-2)": {
    "count": 2788.0,
    "mean": 36379.18968436155,
    "std": 11932.79236022098,
    "min": 1291.75,
    "25%": 28742.44,
    "50%": 36194.87,
    "75%": 44929.69,
    "max": 101297.58
  },
  "CountryofOriginAvgIncomeEuros (Year-1)": {
    "count": 2788.0,
    "mean": 37582.09796628408,
    "std": 12730.205020609108,
    "min": 1354.39,
    "25%": 29668.86,
    "50%": 36909.33,
    "75%": 46213.27,
    "max": 103750.78
  },
  "CountryofOriginHDI (Year-1)": {
    "count": 2788.0,
    "mean": 0.8726133428981349,
    "std": 0.06142865904451477,
    "min": 0.432,
    "25%": 0.842,
    "50%": 0.885,
    "75%": 0.918,
    "max": 0.948
  }
}