{
  "count": 1394.0,
  "mean": 0.4246771879483501,
  "std": 0.49447130338783873,
  "min": 0.0,
  "25%": 0.0,
  "50%": 0.0,
  "75%": 1.0,
  "max": 1.0
}