{
  "accuracy_train": 0.9999103139013453,
  "accuracy_test": 0.6908177905308465,
  "f1_score_train": 0.9998774960186206,
  "f1_score_test": 0.5028835063437139,
  "recall_test": 0.39421338155515373,
  "precision_test": 0.6942675159235668
}