{
  "accuracy_train": 0.9999103139013453,
  "accuracy_test": 0.6843615494978479,
  "f1_score_train": 0.9998775260257196,
  "f1_score_test": 0.49074074074074076,
  "recall_test": 0.3833634719710669,
  "precision_test": 0.6816720257234726
}