{
  "count": 2788.0,
  "mean": 0.37769010043041606,
  "std": 0.4848965074946843,
  "min": 0.0,
  "25%": 0.0,
  "50%": 0.0,
  "75%": 1.0,
  "max": 1.0
}