{
  "BookingID": {
    "count": 1394.0,
    "mean": 24918.218077474892,
    "std": 8772.703454016131,
    "min": 10012.0,
    "25%": 17389.25,
    "50%": 24685.5,
    "75%": 32767.0,
    "max": 39982.0
  },
  "ArrivalYear": {
    "count": 1394.0,
    "mean": 2016.0,
    "std": 0.0,
    "min": 2016.0,
    "25%": 2016.0,
    "50%": 2016.0,
    "75%": 2016.0,
    "max": 2016.0
  },
  "ArrivalMonth": {
    "count": 1394.0,
    "mean": 6.81635581061693,
    "std": 3.161027381163235,
    "min": 1.0,
    "25%": 4.0,
    "50%": 7.0,
    "75%": 9.0,
    "max": 12.0
  },
  "ArrivalWeekNumber": {
    "count": 1394.0,
    "mean": 28.73816355810617,
    "std": 13.83897317486409,
    "min": 1.0,
    "25%": 17.0,
    "50%": 29.0,
    "75%": 40.0,
    "max": 53.0
  },
  "ArrivalDayOfMonth": {
    "count": 1394.0,
    "mean": 16.317790530846484,
    "std": 8.781311274876359,
    "min": 1.0,
    "25%": 9.0,
    "50%": 16.0,
    "75%": 24.0,
    "max": 31.0
  },
  "ArrivalHour": {
    "count": 1394.0,
    "mean": 18.845767575322814,
    "std": 2.8221339582006038,
    "min": 14.0,
    "25%": 16.25,
    "50%": 18.75,
    "75%": 21.25,
    "max": 23.75
  },
  "WeekendStays": {
    "count": 1394.0,
    "mean": 0.8938307030129125,
    "std": 0.9903652672422831,
    "min": 0.0,
    "25%": 0.0,
    "50%": 1.0,
    "75%": 2.0,
    "max": 14.0
  },
  "WeekdayStays": {
    "count": 1394.0,
    "mean": 2.327116212338594,
    "std": 1.8664751180342372,
    "min": 0.0,
    "25%": 1.0,
    "50%": 2.0,
    "75%": 3.0,
    "max": 35.0
  },
  "Adults": {
    "count": 1394.0,
    "mean": 1.8644189383070302,
    "std": 0.5354451351038776,
    "min": 0.0,
    "25%": 2.0,
    "50%": 2.0,
    "75%": 2.0,
    "max": 3.0
  },
  "Children": {
    "count": 1394.0,
    "mean": 0.12338593974175036,
    "std": 0.41575023077490775,
    "min": 0.0,
    "25%": 0.0,
    "50%": 0.0,
    "75%": 0.0,
    "max": 2.0
  },
  "Babies": {
    "count": 1394.0,
    "mean": 0.01291248206599713,
    "std": 0.2781432325355426,
    "min": 0.0,
    "25%": 0.0,
    "50%": 0.0,
    "75%": 0.0,
    "max": 10.0
  },
  "FirstTimeGuest": {
    "count": 1394.0,
    "mean": 0.9748923959827833,
    "std": 0.1565080950579327,
    "min": 0.0,
    "25%": 1.0,
    "50%": 1.0,
    "75%": 1.0,
    "max": 1.0
  },
  "AffiliatedCustomer": {
    "count": 1394.0,
    "mean": 0.0028694404591104736,
    "std": 0.05350944551786403,
    "min": 0.0,
    "25%": 0.0,
    "50%": 0.0,
    "75%": 0.0,
    "max": 1.0
  },
  "PreviousReservations": {
    "count": 1394.0,
    "mean": 0.20444763271162122,
    "std": 1.9904171760174307,
    "min": 0.0,
    "25%": 0.0,
    "50%": 0.0,
    "75%": 0.0,
    "max": 32.0
  },
  "PreviousStays": {
    "count": 1394.0,
    "mean": 0.17001434720229555,
    "std": 1.7648369300306994,
    "min": 0.0,
    "25%": 0.0,
    "50%": 0.0,
    "75%": 0.0,
    "max": 32.0
  },
  "PreviousCancellations": {
    "count": 1394.0,
    "mean": 0.03443328550932568,
    "std": 0.45654465707315817,
    "min": 0.0,
    "25%": 0.0,
    "50%": 0.0,
    "75%": 0.0,
    "max": 11.0
  },
  "DaysUntilConfirmation": {
    "count": 1394.0,
    "mean": 1.017216642754663,
    "std": 10.679551775756567,
    "min": 0.0,
    "25%": 0.0,
    "50%": 0.0,
    "75%": 0.0,
    "max": 178.0
  },
  "OnlineReservation": {
    "count": 1394.0,
    "mean": 0.8880918220946915,
    "std": 0.31536658581825344,
    "min": 0.0,
    "25%": 1.0,
    "50%": 1.0,
    "75%": 1.0,
    "max": 1.0
  },
  "BookingChanges": {
    "count": 1394.0,
    "mean": 0.23959827833572453,
    "std": 0.8861923093048003,
    "min": 0.0,
    "25%": 0.0,
    "50%": 0.0,
    "75%": 0.0,
    "max": 21.0
  },
  "BookingToArrivalDays": {
    "count": 1394.0,
    "mean": 70.38665710186514,
    "std": 67.00514060178813,
    "min": 0.0,
    "25%": 15.0,
    "50%": 50.0,
    "75%": 107.75,
    "max": 276.0
  },
  "ParkingSpacesBooked": {
    "count": 1394.0,
    "mean": 0.0351506456241033,
    "std": 0.18422655760173484,
    "min": 0.0,
    "25%": 0.0,
    "50%": 0.0,
    "75%": 0.0,
    "max": 1.0
  },
  "SpecialRequests": {
    "count": 1394.0,
    "mean": 0.6527977044476327,
    "std": 0.7965981552376106,
    "min": 0.0,
    "25%": 0.0,
    "50%": 0.0,
    "75%": 1.0,
    "max": 4.0
  },
  "PartOfGroup": {
    "count": 1394.0,
    "mean": 0.0028694404591104736,
    "std": 0.05350944551786403,
    "min": 0.0,
    "25%": 0.0,
    "50%": 0.0,
    "75%": 0.0,
    "max": 1.0
  },
  "CompanyReservation": {
    "count": 1394.0,
    "mean": 1.0,
    "std": 0.0,
    "min": 1.0,
    "25%": 1.0,
    "50%": 1.0,
    "75%": 1.0,
    "max": 1.0
  },
  "OrderedMealsPerDay": {
    "count": 1394.0,
    "mean": 0.866571018651363,
    "std": 0.46498516712801635,
    "min": 0.0,
    "25%": 1.0,
    "50%": 1.0,
    "75%": 1.0,
    "max": 3.0
  },
  "FloorReserved": {
    "count": 1394.0,
    "mean": 5.080344332855093,
    "std": 1.534714696407262,
    "min": 0.0,
    "25%": 3.0,
    "50%": 6.0,
    "75%": 6.0,
    "max": 6.0
  },
  "FloorAssigned": {
    "count": 1394.0,
    "mean": 4.785509325681492,
    "std": 1.7132705482663568,
    "min": -1.0,
    "25%": 3.0,
    "50%": 6.0,
    "75%": 6.0,
    "max": 6.0
  },
  "DailyRateEuros": {
    "count": 1394.0,
    "mean": 106.42025107604019,
    "std": 35.946442781015854,
    "min": 0.0,
    "25%": 82.89999999999999,
    "50%": 102.37,
    "75%": 129.0,
    "max": 235.33
  },
  "DailyRateUSD": {
    "count": 1394.0,
    "mean": 105.35604856527975,
    "std": 35.586978353205694,
    "min": 0.0,
    "25%": 82.071,
    "50%": 101.34630000000001,
    "75%": 127.71,
    "max": 232.9767
  },
  "%PaidinAdvance": {
    "count": 1394.0,
    "mean": 0.014347202295552367,
    "std": 0.11896012698371071,
    "min": 0.0,
    "25%": 0.0,
    "50%": 0.0,
    "75%": 0.0,
    "max": 1.0
  },
  "CountryofOriginAvgIncomeEuros (Year-2)": {
    "count": 1394.0,
    "mean": 36211.08380918221,
    "std": 11954.093728159392,
    "min": 1291.75,
    "25%": 28742.44,
    "50%": 36194.87,
    "75%": 41757.4,
    "max": 101297.58
  },
  "CountryofOriginAvgIncomeEuros (Year-1)": {
    "count": 1394.0,
    "mean": 37435.08890961263,
    "std": 12776.451338153738,
    "min": 1354.39,
    "25%": 29668.86,
    "50%": 36909.33,
    "75%": 42535.48,
    "max": 103750.78
  },
  "CountryofOriginHDI (Year-1)": {
    "count": 1394.0,
    "mean": 0.871667144906743,
    "std": 0.062195483889510385,
    "min": 0.432,
    "25%": 0.842,
    "50%": 0.885,
    "75%": 0.918,
    "max": 0.948
  }
}