{
  "count": 11150.0,
  "mean": 0.37434977578475337,
  "std": 0.48397626863428905,
  "min": 0.0,
  "25%": 0.0,
  "50%": 0.0,
  "75%": 1.0,
  "max": 1.0
}