{
  "accuracy_train": 0.9999103139013453,
  "accuracy_test": 0.6829268292682927,
  "f1_score_train": 0.9998774960186206,
  "f1_score_test": 0.494279176201373,
  "recall_test": 0.39059674502712477,
  "precision_test": 0.6728971962616822
}