{
  "accuracy_train": 0.9999103139013453,
  "accuracy_test": 0.687948350071736,
  "f1_score_train": 0.9998774960186206,
  "f1_score_test": 0.48642266824085006,
  "recall_test": 0.37251356238698013,
  "precision_test": 0.7006802721088435
}