{
  "accuracy_train": 0.9999103139013453,
  "accuracy_test": 0.6872309899569584,
  "f1_score_train": 0.9998774960186206,
  "f1_score_test": 0.48826291079812206,
  "recall_test": 0.37613019891500904,
  "precision_test": 0.6956521739130435
}