{
  "BookingID": {
    "count": 1394.0,
    "mean": 24955.101147776182,
    "std": 8585.642805932119,
    "min": 10004.0,
    "25%": 17551.5,
    "50%": 24912.5,
    "75%": 32176.25,
    "max": 39979.0
  },
  "ArrivalYear": {
    "count": 1394.0,
    "mean": 2016.0,
    "std": 0.0,
    "min": 2016.0,
    "25%": 2016.0,
    "50%": 2016.0,
    "75%": 2016.0,
    "max": 2016.0
  },
  "ArrivalMonth": {
    "count": 1394.0,
    "mean": 6.804878048780488,
    "std": 3.1398289889541333,
    "min": 1.0,
    "25%": 4.0,
    "50%": 7.0,
    "75%": 9.0,
    "max": 12.0
  },
  "ArrivalWeekNumber": {
    "count": 1394.0,
    "mean": 28.625538020086083,
    "std": 13.766969710964073,
    "min": 1.0,
    "25%": 17.0,
    "50%": 28.0,
    "75%": 40.0,
    "max": 53.0
  },
  "ArrivalDayOfMonth": {
    "count": 1394.0,
    "mean": 15.815638450502153,
    "std": 8.733907120153834,
    "min": 1.0,
    "25%": 8.0,
    "50%": 16.0,
    "75%": 23.0,
    "max": 31.0
  },
  "ArrivalHour": {
    "count": 1394.0,
    "mean": 18.94171449067432,
    "std": 2.9474278275372185,
    "min": 14.0,
    "25%": 16.25,
    "50%": 19.0,
    "75%": 21.5,
    "max": 23.75
  },
  "WeekendStays": {
    "count": 1394.0,
    "mean": 0.8988522238163558,
    "std": 0.9528504723485097,
    "min": 0.0,
    "25%": 0.0,
    "50%": 1.0,
    "75%": 2.0,
    "max": 9.0
  },
  "WeekdayStays": {
    "count": 1394.0,
    "mean": 2.2582496413199427,
    "std": 1.6330730502067043,
    "min": 0.0,
    "25%": 1.0,
    "50%": 2.0,
    "75%": 3.0,
    "max": 20.0
  },
  "Adults": {
    "count": 1394.0,
    "mean": 1.8981348637015782,
    "std": 0.539558692507289,
    "min": 0.0,
    "25%": 2.0,
    "50%": 2.0,
    "75%": 2.0,
    "max": 3.0
  },
  "Children": {
    "count": 1394.0,
    "mean": 0.13199426111908177,
    "std": 0.4383885651634955,
    "min": 0.0,
    "25%": 0.0,
    "50%": 0.0,
    "75%": 0.0,
    "max": 2.0
  },
  "Babies": {
    "count": 1394.0,
    "mean": 0.00430416068866571,
    "std": 0.0654882542137342,
    "min": 0.0,
    "25%": 0.0,
    "50%": 0.0,
    "75%": 0.0,
    "max": 1.0
  },
  "FirstTimeGuest": {
    "count": 1394.0,
    "mean": 0.9741750358680057,
    "std": 0.15866976928976348,
    "min": 0.0,
    "25%": 1.0,
    "50%": 1.0,
    "75%": 1.0,
    "max": 1.0
  },
  "AffiliatedCustomer": {
    "count": 1394.0,
    "mean": 0.006456241032998565,
    "std": 0.08011967820773669,
    "min": 0.0,
    "25%": 0.0,
    "50%": 0.0,
    "75%": 0.0,
    "max": 1.0
  },
  "PreviousReservations": {
    "count": 1394.0,
    "mean": 0.2152080344332855,
    "std": 2.0453293824237444,
    "min": 0.0,
    "25%": 0.0,
    "50%": 0.0,
    "75%": 0.0,
    "max": 46.0
  },
  "PreviousStays": {
    "count": 1394.0,
    "mean": 0.16714490674318508,
    "std": 1.7277049158311868,
    "min": 0.0,
    "25%": 0.0,
    "50%": 0.0,
    "75%": 0.0,
    "max": 43.0
  },
  "PreviousCancellations": {
    "count": 1394.0,
    "mean": 0.04806312769010043,
    "std": 0.5605989582508457,
    "min": 0.0,
    "25%": 0.0,
    "50%": 0.0,
    "75%": 0.0,
    "max": 11.0
  },
  "DaysUntilConfirmation": {
    "count": 1394.0,
    "mean": 0.35581061692969873,
    "std": 4.629528336228097,
    "min": 0.0,
    "25%": 0.0,
    "50%": 0.0,
    "75%": 0.0,
    "max": 98.0
  },
  "OnlineReservation": {
    "count": 1394.0,
    "mean": 0.9067431850789096,
    "std": 0.2908963473405836,
    "min": 0.0,
    "25%": 1.0,
    "50%": 1.0,
    "75%": 1.0,
    "max": 1.0
  },
  "BookingChanges": {
    "count": 1394.0,
    "mean": 0.2309899569583931,
    "std": 0.6964277808095192,
    "min": 0.0,
    "25%": 0.0,
    "50%": 0.0,
    "75%": 0.0,
    "max": 13.0
  },
  "BookingToArrivalDays": {
    "count": 1394.0,
    "mean": 68.54088952654233,
    "std": 64.07210677579154,
    "min": 0.0,
    "25%": 14.0,
    "50%": 49.5,
    "75%": 105.0,
    "max": 275.0
  },
  "ParkingSpacesBooked": {
    "count": 1394.0,
    "mean": 0.04447632711621234,
    "std": 0.2062248574486508,
    "min": 0.0,
    "25%": 0.0,
    "50%": 0.0,
    "75%": 0.0,
    "max": 1.0
  },
  "SpecialRequests": {
    "count": 1394.0,
    "mean": 0.6764705882352942,
    "std": 0.8060646984760603,
    "min": 0.0,
    "25%": 0.0,
    "50%": 0.0,
    "75%": 1.0,
    "max": 4.0
  },
  "PartOfGroup": {
    "count": 1394.0,
    "mean": 0.0014347202295552368,
    "std": 0.0378641027840579,
    "min": 0.0,
    "25%": 0.0,
    "50%": 0.0,
    "75%": 0.0,
    "max": 1.0
  },
  "CompanyReservation": {
    "count": 1394.0,
    "mean": 1.0,
    "std": 0.0,
    "min": 1.0,
    "25%": 1.0,
    "50%": 1.0,
    "75%": 1.0,
    "max": 1.0
  },
  "OrderedMealsPerDay": {
    "count": 1394.0,
    "mean": 0.8507890961262554,
    "std": 0.45859748423245494,
    "min": 0.0,
    "25%": 1.0,
    "50%": 1.0,
    "75%": 1.0,
    "max": 2.0
  },
  "FloorReserved": {
    "count": 1394.0,
    "mean": 5.020803443328551,
    "std": 1.566977213632251,
    "min": 0.0,
    "25%": 3.0,
    "50%": 6.0,
    "75%": 6.0,
    "max": 6.0
  },
  "FloorAssigned": {
    "count": 1394.0,
    "mean": 4.810616929698709,
    "std": 1.6689390066953453,
    "min": -1.0,
    "25%": 3.0,
    "50%": 6.0,
    "75%": 6.0,
    "max": 6.0
  },
  "DailyRateEuros": {
    "count": 1394.0,
    "mean": 108.01832855093257,
    "std": 37.63985351434217,
    "min": 0.0,
    "25%": 82.45,
    "50%": 102.3,
    "75%": 129.5325,
    "max": 242.0
  },
  "DailyRateUSD": {
    "count": 1394.0,
    "mean": 106.93814526542324,
    "std": 37.263454979198755,
    "min": 0.0,
    "25%": 81.6255,
    "50%": 101.277,
    "75%": 128.237175,
    "max": 239.58
  },
  "%PaidinAdvance": {
    "count": 1394.0,
    "mean": 0.011901004304160688,
    "std": 0.1076761727383915,
    "min": 0.0,
    "25%": 0.0,
    "50%": 0.0,
    "75%": 0.0,
    "max": 1.0
  },
  "CountryofOriginAvgIncomeEuros (Year-2)": {
    "count": 1394.0,
    "mean": 36547.29555954089,
    "std": 11913.369370305356,
    "min": 1506.59,
    "25%": 28742.44,
    "50%": 36194.87,
    "75%": 44929.69,
    "max": 101297.58
  },
  "CountryofOriginAvgIncomeEuros (Year-1)": {
    "count": 1394.0,
    "mean": 37729.10702295552,
    "std": 12686.670724432723,
    "min": 1574.46,
    "25%": 29668.86,
    "50%": 36909.33,
    "75%": 46213.27,
    "max": 103750.78
  },
  "CountryofOriginHDI (Year-1)": {
    "count": 1394.0,
    "mean": 0.8735595408895265,
    "std": 0.060659699211876715,
    "min": 0.449,
    "25%": 0.842,
    "50%": 0.885,
    "75%": 0.918,
    "max": 0.948
  }
}