{
  "accuracy_train": 0.8139910313901345,
  "accuracy_test": 0.7553802008608321,
  "f1_score_train": 0.7348504218869855,
  "f1_score_test": 0.6444212721584984,
  "recall_test": 0.6242424242424243,
  "precision_test": 0.665948275862069
}