{
  "accuracy_train": 0.9999103139013453,
  "accuracy_test": 0.6829268292682927,
  "f1_score_train": 0.9998774960186206,
  "f1_score_test": 0.48364485981308414,
  "recall_test": 0.3743218806509946,
  "precision_test": 0.6831683168316832
}