{
  "BookingID": {
    "count": 13938.0,
    "mean": 25020.128569378678,
    "std": 8662.718478797131,
    "min": 10000.0,
    "25%": 17516.25,
    "50%": 25009.0,
    "75%": 32543.75,
    "max": 39997.0
  },
  "ArrivalYear": {
    "count": 13938.0,
    "mean": 2016.0,
    "std": 0.0,
    "min": 2016.0,
    "25%": 2016.0,
    "50%": 2016.0,
    "75%": 2016.0,
    "max": 2016.0
  },
  "ArrivalMonth": {
    "count": 13938.0,
    "mean": 6.854498493327593,
    "std": 3.175420902502256,
    "min": 1.0,
    "25%": 4.0,
    "50%": 7.0,
    "75%": 10.0,
    "max": 12.0
  },
  "ArrivalWeekNumber": {
    "count": 13938.0,
    "mean": 28.851413402209786,
    "std": 13.901655623361197,
    "min": 1.0,
    "25%": 17.0,
    "50%": 29.0,
    "75%": 41.0,
    "max": 53.0
  },
  "ArrivalDayOfMonth": {
    "count": 13938.0,
    "mean": 15.888147510403215,
    "std": 8.85045376348156,
    "min": 1.0,
    "25%": 8.0,
    "50%": 16.0,
    "75%": 24.0,
    "max": 31.0
  },
  "ArrivalHour": {
    "count": 13938.0,
    "mean": 18.87412110776295,
    "std": 2.8845629751650765,
    "min": 14.0,
    "25%": 16.25,
    "50%": 19.0,
    "75%": 21.25,
    "max": 23.75
  },
  "WeekendStays": {
    "count": 13938.0,
    "mean": 0.8826947912182522,
    "std": 0.9454219318561128,
    "min": 0.0,
    "25%": 0.0,
    "50%": 1.0,
    "75%": 2.0,
    "max": 14.0
  },
  "WeekdayStays": {
    "count": 13938.0,
    "mean": 2.2925096857511837,
    "std": 1.7356394871351453,
    "min": 0.0,
    "25%": 1.0,
    "50%": 2.0,
    "75%": 3.0,
    "max": 35.0
  },
  "Adults": {
    "count": 13938.0,
    "mean": 1.8858516286411249,
    "std": 0.5472173170472091,
    "min": 0.0,
    "25%": 2.0,
    "50%": 2.0,
    "75%": 2.0,
    "max": 4.0
  },
  "Children": {
    "count": 13938.0,
    "mean": 0.14162720619888075,
    "std": 0.45271718739061895,
    "min": 0.0,
    "25%": 0.0,
    "50%": 0.0,
    "75%": 0.0,
    "max": 3.0
  },
  "Babies": {
    "count": 13938.0,
    "mean": 0.006959391591333046,
    "std": 0.11624365790992346,
    "min": 0.0,
    "25%": 0.0,
    "50%": 0.0,
    "75%": 0.0,
    "max": 10.0
  },
  "FirstTimeGuest": {
    "count": 13938.0,
    "mean": 0.9726646577701248,
    "std": 0.1630644934723232,
    "min": 0.0,
    "25%": 1.0,
    "50%": 1.0,
    "75%": 1.0,
    "max": 1.0
  },
  "AffiliatedCustomer": {
    "count": 13938.0,
    "mean": 0.00502224135457024,
    "std": 0.07069212820166552,
    "min": 0.0,
    "25%": 0.0,
    "50%": 0.0,
    "75%": 0.0,
    "max": 1.0
  },
  "PreviousReservations": {
    "count": 13938.0,
    "mean": 0.20849476251973023,
    "std": 2.079190524390799,
    "min": 0.0,
    "25%": 0.0,
    "50%": 0.0,
    "75%": 0.0,
    "max": 53.0
  },
  "PreviousStays": {
    "count": 13938.0,
    "mean": 0.17879179222270053,
    "std": 1.8586880606667846,
    "min": 0.0,
    "25%": 0.0,
    "50%": 0.0,
    "75%": 0.0,
    "max": 48.0
  },
  "PreviousCancellations": {
    "count": 13938.0,
    "mean": 0.0297029702970297,
    "std": 0.4152940893146921,
    "min": 0.0,
    "25%": 0.0,
    "50%": 0.0,
    "75%": 0.0,
    "max": 13.0
  },
  "DaysUntilConfirmation": {
    "count": 13938.0,
    "mean": 0.7313818338355574,
    "std": 8.785625794785718,
    "min": 0.0,
    "25%": 0.0,
    "50%": 0.0,
    "75%": 0.0,
    "max": 224.0
  },
  "OnlineReservation": {
    "count": 13938.0,
    "mean": 0.9013488305352274,
    "std": 0.2982037831815538,
    "min": 0.0,
    "25%": 1.0,
    "50%": 1.0,
    "75%": 1.0,
    "max": 1.0
  },
  "BookingChanges": {
    "count": 13938.0,
    "mean": 0.23661931410532358,
    "std": 0.7318946400179529,
    "min": 0.0,
    "25%": 0.0,
    "50%": 0.0,
    "75%": 0.0,
    "max": 21.0
  },
  "BookingToArrivalDays": {
    "count": 13938.0,
    "mean": 69.49282536949347,
    "std": 66.1362760974573,
    "min": 0.0,
    "25%": 14.0,
    "50%": 49.0,
    "75%": 109.0,
    "max": 277.0
  },
  "ParkingSpacesBooked": {
    "count": 13938.0,
    "mean": 0.03924522887071316,
    "std": 0.1941848250329205,
    "min": 0.0,
    "25%": 0.0,
    "50%": 0.0,
    "75%": 0.0,
    "max": 1.0
  },
  "SpecialRequests": {
    "count": 13938.0,
    "mean": 0.6637250681589898,
    "std": 0.796548457385896,
    "min": 0.0,
    "25%": 0.0,
    "50%": 0.0,
    "75%": 1.0,
    "max": 5.0
  },
  "PartOfGroup": {
    "count": 13938.0,
    "mean": 0.0017219113215669393,
    "std": 0.04146166518442402,
    "min": 0.0,
    "25%": 0.0,
    "50%": 0.0,
    "75%": 0.0,
    "max": 1.0
  },
  "CompanyReservation": {
    "count": 13938.0,
    "mean": 1.0,
    "std": 0.0,
    "min": 1.0,
    "25%": 1.0,
    "50%": 1.0,
    "75%": 1.0,
    "max": 1.0
  },
  "OrderedMealsPerDay": {
    "count": 13938.0,
    "mean": 0.8628210647151672,
    "std": 0.4505952530427687,
    "min": 0.0,
    "25%": 1.0,
    "50%": 1.0,
    "75%": 1.0,
    "max": 3.0
  },
  "FloorReserved": {
    "count": 13938.0,
    "mean": 5.032859807719903,
    "std": 1.5709511934345919,
    "min": 0.0,
    "25%": 3.0,
    "50%": 6.0,
    "75%": 6.0,
    "max": 6.0
  },
  "FloorAssigned": {
    "count": 13938.0,
    "mean": 4.774214377959535,
    "std": 1.708851401075945,
    "min": -1.0,
    "25%": 3.0,
    "50%": 6.0,
    "75%": 6.0,
    "max": 6.0
  },
  "DailyRateEuros": {
    "count": 13938.0,
    "mean": 108.08219184961973,
    "std": 36.95657798833002,
    "min": 0.0,
    "25%": 84.2625,
    "50%": 103.5,
    "75%": 130.0,
    "max": 244.0
  },
  "DailyRateUSD": {
    "count": 13938.0,
    "mean": 107.00136993112353,
    "std": 36.58701220844672,
    "min": 0.0,
    "25%": 83.41987499999999,
    "50%": 102.465,
    "75%": 128.7,
    "max": 241.56
  },
  "%PaidinAdvance": {
    "count": 13938.0,
    "mean": 0.01113359162003157,
    "std": 0.10476502928942956,
    "min": 0.0,
    "25%": 0.0,
    "50%": 0.0,
    "75%": 0.0,
    "max": 1.0
  },
  "CountryofOriginAvgIncomeEuros (Year-2)": {
    "count": 13938.0,
    "mean": 36409.01132658918,
    "std": 12294.088312863334,
    "min": 1291.75,
    "25%": 28742.44,
    "50%": 36194.87,
    "75%": 44929.69,
    "max": 123308.2
  },
  "CountryofOriginAvgIncomeEuros (Year-1)": {
    "count": 13938.0,
    "mean": 37601.55426101306,
    "std": 13022.479067530423,
    "min": 1354.39,
    "25%": 29668.86,
    "50%": 36909.33,
    "75%": 46213.27,
    "max": 123822.08
  },
  "CountryofOriginHDI (Year-1)": {
    "count": 13938.0,
    "mean": 0.8720589037164584,
    "std": 0.06324715658059671,
    "min": 0.418,
    "25%": 0.842,
    "50%": 0.885,
    "75%": 0.918,
    "max": 0.948
  },
  "Canceled": {
    "count": 13938.0,
    "mean": 0.3750179365762663,
    "std": 0.48414491724157943,
    "min": 0.0,
    "25%": 0.0,
    "50%": 0.0,
    "75%": 1.0,
    "max": 1.0
  }
}