{
  "accuracy_train": 0.9999103139013453,
  "accuracy_test": 0.7482065997130559,
  "f1_score_train": 0.9998804542737597,
  "f1_score_test": 0.6293558606124604,
  "recall_test": 0.602020202020202,
  "precision_test": 0.6592920353982301
}