{
  "accuracy_train": 0.9997309417040359,
  "accuracy_test": 0.6857962697274032,
  "f1_score_train": 0.9996323979904423,
  "f1_score_test": 0.4930555555555556,
  "recall_test": 0.38517179023508136,
  "precision_test": 0.684887459807074
}