{
  "count": 1394.0,
  "mean": 0.3550932568149211,
  "std": 0.47871330735261386,
  "min": 0.0,
  "25%": 0.0,
  "50%": 0.0,
  "75%": 1.0,
  "max": 1.0
}