{
  "count": 2788.0,
  "mean": 0.3748206599713056,
  "std": 0.4841634151122786,
  "min": 0.0,
  "25%": 0.0,
  "50%": 0.0,
  "75%": 1.0,
  "max": 1.0
}