{
  "BookingID": {
    "count": 11150.0,
    "mean": 24966.47067264574,
    "std": 8653.905228311254,
    "min": 10001.0,
    "25%": 17500.5,
    "50%": 24998.5,
    "75%": 32474.75,
    "max": 39997.0
  },
  "ArrivalYear": {
    "count": 11150.0,
    "mean": 2016.0,
    "std": 0.0,
    "min": 2016.0,
    "25%": 2016.0,
    "50%": 2016.0,
    "75%": 2016.0,
    "max": 2016.0
  },
  "ArrivalMonth": {
    "count": 11150.0,
    "mean": 6.830582959641256,
    "std": 3.1713830975940596,
    "min": 1.0,
    "25%": 4.0,
    "50%": 7.0,
    "75%": 10.0,
    "max": 12.0
  },
  "ArrivalWeekNumber": {
    "count": 11150.0,
    "mean": 28.751659192825112,
    "std": 13.882692626805472,
    "min": 1.0,
    "25%": 17.0,
    "50%": 29.0,
    "75%": 41.0,
    "max": 53.0
  },
  "ArrivalDayOfMonth": {
    "count": 11150.0,
    "mean": 15.915336322869955,
    "std": 8.818172419043652,
    "min": 1.0,
    "25%": 8.0,
    "50%": 16.0,
    "75%": 24.0,
    "max": 31.0
  },
  "ArrivalHour": {
    "count": 11150.0,
    "mean": 18.899013452914797,
    "std": 2.8857581597881263,
    "min": 14.0,
    "25%": 16.5,
    "50%": 19.0,
    "75%": 21.5,
    "max": 23.75
  },
  "WeekendStays": {
    "count": 11150.0,
    "mean": 0.8856502242152466,
    "std": 0.9360771247717216,
    "min": 0.0,
    "25%": 0.0,
    "50%": 1.0,
    "75%": 2.0,
    "max": 14.0
  },
  "WeekdayStays": {
    "count": 11150.0,
    "mean": 2.2765022421524663,
    "std": 1.6964595568490255,
    "min": 0.0,
    "25%": 1.0,
    "50%": 2.0,
    "75%": 3.0,
    "max": 35.0
  },
  "Adults": {
    "count": 11150.0,
    "mean": 1.8838565022421525,
    "std": 0.5480413162134207,
    "min": 0.0,
    "25%": 2.0,
    "50%": 2.0,
    "75%": 2.0,
    "max": 4.0
  },
  "Children": {
    "count": 11150.0,
    "mean": 0.14188340807174887,
    "std": 0.45356051955020693,
    "min": 0.0,
    "25%": 0.0,
    "50%": 0.0,
    "75%": 0.0,
    "max": 3.0
  },
  "Babies": {
    "count": 11150.0,
    "mean": 0.006457399103139014,
    "std": 0.12036922122492637,
    "min": 0.0,
    "25%": 0.0,
    "50%": 0.0,
    "75%": 0.0,
    "max": 10.0
  },
  "FirstTimeGuest": {
    "count": 11150.0,
    "mean": 0.9718385650224215,
    "std": 0.16544129877374764,
    "min": 0.0,
    "25%": 1.0,
    "50%": 1.0,
    "75%": 1.0,
    "max": 1.0
  },
  "AffiliatedCustomer": {
    "count": 11150.0,
    "mean": 0.005201793721973094,
    "std": 0.07193885742402235,
    "min": 0.0,
    "25%": 0.0,
    "50%": 0.0,
    "75%": 0.0,
    "max": 1.0
  },
  "PreviousReservations": {
    "count": 11150.0,
    "mean": 0.22143497757847533,
    "std": 2.1856657803998703,
    "min": 0.0,
    "25%": 0.0,
    "50%": 0.0,
    "75%": 0.0,
    "max": 53.0
  },
  "PreviousStays": {
    "count": 11150.0,
    "mean": 0.19085201793721973,
    "std": 1.973496171362584,
    "min": 0.0,
    "25%": 0.0,
    "50%": 0.0,
    "75%": 0.0,
    "max": 48.0
  },
  "PreviousCancellations": {
    "count": 11150.0,
    "mean": 0.030582959641255604,
    "std": 0.4098276099828273,
    "min": 0.0,
    "25%": 0.0,
    "50%": 0.0,
    "75%": 0.0,
    "max": 13.0
  },
  "DaysUntilConfirmation": {
    "count": 11150.0,
    "mean": 0.7647533632286996,
    "std": 8.957959574643144,
    "min": 0.0,
    "25%": 0.0,
    "50%": 0.0,
    "75%": 0.0,
    "max": 224.0
  },
  "OnlineReservation": {
    "count": 11150.0,
    "mean": 0.9010762331838565,
    "std": 0.29857302342739395,
    "min": 0.0,
    "25%": 1.0,
    "50%": 1.0,
    "75%": 1.0,
    "max": 1.0
  },
  "BookingChanges": {
    "count": 11150.0,
    "mean": 0.2397309417040359,
    "std": 0.7507701784625558,
    "min": 0.0,
    "25%": 0.0,
    "50%": 0.0,
    "75%": 0.0,
    "max": 21.0
  },
  "BookingToArrivalDays": {
    "count": 11150.0,
    "mean": 69.82591928251121,
    "std": 66.24071129817335,
    "min": 0.0,
    "25%": 15.0,
    "50%": 50.0,
    "75%": 109.0,
    "max": 277.0
  },
  "ParkingSpacesBooked": {
    "count": 11150.0,
    "mean": 0.03883408071748879,
    "std": 0.19320802989378785,
    "min": 0.0,
    "25%": 0.0,
    "50%": 0.0,
    "75%": 0.0,
    "max": 1.0
  },
  "SpecialRequests": {
    "count": 11150.0,
    "mean": 0.6638565022421524,
    "std": 0.7994826434145645,
    "min": 0.0,
    "25%": 0.0,
    "50%": 0.0,
    "75%": 1.0,
    "max": 5.0
  },
  "PartOfGroup": {
    "count": 11150.0,
    "mean": 0.001883408071748879,
    "std": 0.04335930647844382,
    "min": 0.0,
    "25%": 0.0,
    "50%": 0.0,
    "75%": 0.0,
    "max": 1.0
  },
  "CompanyReservation": {
    "count": 11150.0,
    "mean": 1.0,
    "std": 0.0,
    "min": 1.0,
    "25%": 1.0,
    "50%": 1.0,
    "75%": 1.0,
    "max": 1.0
  },
  "OrderedMealsPerDay": {
    "count": 11150.0,
    "mean": 0.8619730941704036,
    "std": 0.4510853945545094,
    "min": 0.0,
    "25%": 1.0,
    "50%": 1.0,
    "75%": 1.0,
    "max": 3.0
  },
  "FloorReserved": {
    "count": 11150.0,
    "mean": 5.03255605381166,
    "std": 1.571199616547969,
    "min": 0.0,
    "25%": 3.0,
    "50%": 6.0,
    "75%": 6.0,
    "max": 6.0
  },
  "FloorAssigned": {
    "count": 11150.0,
    "mean": 4.776053811659192,
    "std": 1.7074020227260445,
    "min": -1.0,
    "25%": 3.0,
    "50%": 6.0,
    "75%": 6.0,
    "max": 6.0
  },
  "DailyRateEuros": {
    "count": 11150.0,
    "mean": 107.84324932735426,
    "std": 36.97469567816667,
    "min": 0.0,
    "25%": 84.0175,
    "50%": 103.5,
    "75%": 129.6,
    "max": 244.0
  },
  "DailyRateUSD": {
    "count": 11150.0,
    "mean": 106.7648168340807,
    "std": 36.604948721385,
    "min": 0.0,
    "25%": 83.177325,
    "50%": 102.465,
    "75%": 128.304,
    "max": 241.56
  },
  "%PaidinAdvance": {
    "count": 11150.0,
    "mean": 0.011944394618834082,
    "std": 0.10844072378658194,
    "min": 0.0,
    "25%": 0.0,
    "50%": 0.0,
    "75%": 0.0,
    "max": 1.0
  },
  "CountryofOriginAvgIncomeEuros (Year-2)": {
    "count": 11150.0,
    "mean": 36390.350208071744,
    "std": 12260.430046738973,
    "min": 1291.75,
    "25%": 28742.44,
    "50%": 36194.87,
    "75%": 44929.69,
    "max": 123308.2
  },
  "CountryofOriginAvgIncomeEuros (Year-1)": {
    "count": 11150.0,
    "mean": 37566.90125829596,
    "std": 12968.729396460394,
    "min": 1354.39,
    "25%": 29668.86,
    "50%": 36909.33,
    "75%": 46213.27,
    "max": 123822.08
  },
  "CountryofOriginHDI (Year-1)": {
    "count": 11150.0,
    "mean": 0.8720009865470851,
    "std": 0.0634991268809453,
    "min": 0.418,
    "25%": 0.842,
    "50%": 0.885,
    "75%": 0.918,
    "max": 0.948
  }
}