{
  "accuracy_train": 0.9999103139013453,
  "accuracy_test": 0.7539454806312769,
  "f1_score_train": 0.9998804256845629,
  "f1_score_test": 0.632368703108253,
  "recall_test": 0.5959595959595959,
  "precision_test": 0.6735159817351598
}