{
  "BookingID": {
    "count": 1394.0,
    "mean": 25078.455523672885,
    "std": 8701.124440448555,
    "min": 10035.0,
    "25%": 17478.5,
    "50%": 25351.0,
    "75%": 32852.5,
    "max": 39928.0
  },
  "ArrivalYear": {
    "count": 1394.0,
    "mean": 2016.0,
    "std": 0.0,
    "min": 2016.0,
    "25%": 2016.0,
    "50%": 2016.0,
    "75%": 2016.0,
    "max": 2016.0
  },
  "ArrivalMonth": {
    "count": 1394.0,
    "mean": 10.548780487804878,
    "std": 0.49779335529146934,
    "min": 10.0,
    "25%": 10.0,
    "50%": 11.0,
    "75%": 11.0,
    "max": 11.0
  },
  "ArrivalWeekNumber": {
    "count": 1394.0,
    "mean": 45.19799139167862,
    "std": 1.434713309305078,
    "min": 43.0,
    "25%": 44.0,
    "50%": 45.0,
    "75%": 47.0,
    "max": 48.0
  },
  "ArrivalDayOfMonth": {
    "count": 1394.0,
    "mean": 17.58393113342898,
    "std": 8.709752274242424,
    "min": 1.0,
    "25%": 11.0,
    "50%": 19.0,
    "75%": 25.0,
    "max": 31.0
  },
  "ArrivalHour": {
    "count": 1394.0,
    "mean": 18.917503586800574,
    "std": 2.8889332509448846,
    "min": 14.0,
    "25%": 16.5,
    "50%": 18.75,
    "75%": 21.5,
    "max": 23.75
  },
  "WeekendStays": {
    "count": 1394.0,
    "mean": 0.875896700143472,
    "std": 0.9717954051618938,
    "min": 0.0,
    "25%": 0.0,
    "50%": 1.0,
    "75%": 2.0,
    "max": 8.0
  },
  "WeekdayStays": {
    "count": 1394.0,
    "mean": 2.390961262553802,
    "std": 1.6697825625235785,
    "min": 0.0,
    "25%": 1.0,
    "50%": 2.0,
    "75%": 3.0,
    "max": 21.0
  },
  "Adults": {
    "count": 1394.0,
    "mean": 1.8149210903873745,
    "std": 0.5210911582482984,
    "min": 0.0,
    "25%": 2.0,
    "50%": 2.0,
    "75%": 2.0,
    "max": 4.0
  },
  "Children": {
    "count": 1394.0,
    "mean": 0.11047345767575323,
    "std": 0.4072098674877874,
    "min": 0.0,
    "25%": 0.0,
    "50%": 0.0,
    "75%": 0.0,
    "max": 2.0
  },
  "Babies": {
    "count": 1394.0,
    "mean": 0.007173601147776184,
    "std": 0.08442306202494126,
    "min": 0.0,
    "25%": 0.0,
    "50%": 0.0,
    "75%": 0.0,
    "max": 1.0
  },
  "FirstTimeGuest": {
    "count": 1394.0,
    "mean": 0.9670014347202296,
    "std": 0.17869685816841044,
    "min": 0.0,
    "25%": 1.0,
    "50%": 1.0,
    "75%": 1.0,
    "max": 1.0
  },
  "AffiliatedCustomer": {
    "count": 1394.0,
    "mean": 0.0,
    "std": 0.0,
    "min": 0.0,
    "25%": 0.0,
    "50%": 0.0,
    "75%": 0.0,
    "max": 0.0
  },
  "PreviousReservations": {
    "count": 1394.0,
    "mean": 0.22525107604017217,
    "std": 2.4744597998105036,
    "min": 0.0,
    "25%": 0.0,
    "50%": 0.0,
    "75%": 0.0,
    "max": 53.0
  },
  "PreviousStays": {
    "count": 1394.0,
    "mean": 0.20875179340028693,
    "std": 2.2471571300982514,
    "min": 0.0,
    "25%": 0.0,
    "50%": 0.0,
    "75%": 0.0,
    "max": 48.0
  },
  "PreviousCancellations": {
    "count": 1394.0,
    "mean": 0.01649928263988522,
    "std": 0.24936461468051438,
    "min": 0.0,
    "25%": 0.0,
    "50%": 0.0,
    "75%": 0.0,
    "max": 5.0
  },
  "DaysUntilConfirmation": {
    "count": 1394.0,
    "mean": 0.22812051649928264,
    "std": 5.592879387133145,
    "min": 0.0,
    "25%": 0.0,
    "50%": 0.0,
    "75%": 0.0,
    "max": 193.0
  },
  "OnlineReservation": {
    "count": 1394.0,
    "mean": 0.9010043041606887,
    "std": 0.2987634169483578,
    "min": 0.0,
    "25%": 1.0,
    "50%": 1.0,
    "75%": 1.0,
    "max": 1.0
  },
  "BookingChanges": {
    "count": 1394.0,
    "mean": 0.19655667144906744,
    "std": 0.5784745342775061,
    "min": 0.0,
    "25%": 0.0,
    "50%": 0.0,
    "75%": 0.0,
    "max": 4.0
  },
  "BookingToArrivalDays": {
    "count": 1394.0,
    "mean": 70.64562410329985,
    "std": 67.54934352531774,
    "min": 0.0,
    "25%": 20.0,
    "50%": 50.0,
    "75%": 96.0,
    "max": 277.0
  },
  "ParkingSpacesBooked": {
    "count": 1394.0,
    "mean": 0.02654232424677188,
    "std": 0.1607991840910802,
    "min": 0.0,
    "25%": 0.0,
    "50%": 0.0,
    "75%": 0.0,
    "max": 1.0
  },
  "SpecialRequests": {
    "count": 1394.0,
    "mean": 0.9096126255380201,
    "std": 0.8961155667581107,
    "min": 0.0,
    "25%": 0.0,
    "50%": 1.0,
    "75%": 1.0,
    "max": 5.0
  },
  "PartOfGroup": {
    "count": 1394.0,
    "mean": 0.003586800573888092,
    "std": 0.05980385501581596,
    "min": 0.0,
    "25%": 0.0,
    "50%": 0.0,
    "75%": 0.0,
    "max": 1.0
  },
  "CompanyReservation": {
    "count": 1394.0,
    "mean": 1.0,
    "std": 0.0,
    "min": 1.0,
    "25%": 1.0,
    "50%": 1.0,
    "75%": 1.0,
    "max": 1.0
  },
  "OrderedMealsPerDay": {
    "count": 1394.0,
    "mean": 0.8113342898134863,
    "std": 0.47732573275263945,
    "min": 0.0,
    "25%": 1.0,
    "50%": 1.0,
    "75%": 1.0,
    "max": 2.0
  },
  "FloorReserved": {
    "count": 1394.0,
    "mean": 5.154949784791966,
    "std": 1.5119839176334826,
    "min": 0.0,
    "25%": 5.0,
    "50%": 6.0,
    "75%": 6.0,
    "max": 6.0
  },
  "FloorAssigned": {
    "count": 1394.0,
    "mean": 4.886657101865136,
    "std": 1.6826661197952746,
    "min": -1.0,
    "25%": 3.0,
    "50%": 6.0,
    "75%": 6.0,
    "max": 6.0
  },
  "DailyRateEuros": {
    "count": 1394.0,
    "mean": 104.66474892395985,
    "std": 35.47963578944552,
    "min": 0.0,
    "25%": 80.75,
    "50%": 97.875,
    "75%": 123.3,
    "max": 244.0
  },
  "DailyRateUSD": {
    "count": 1394.0,
    "mean": 103.61810143472022,
    "std": 35.12483943155107,
    "min": 0.0,
    "25%": 79.9425,
    "50%": 96.89625000000001,
    "75%": 122.067,
    "max": 241.56
  },
  "%PaidinAdvance": {
    "count": 1394.0,
    "mean": 0.010466284074605451,
    "std": 0.10094811456596497,
    "min": 0.0,
    "25%": 0.0,
    "50%": 0.0,
    "75%": 0.0,
    "max": 1.0
  },
  "CountryofOriginAvgIncomeEuros (Year-2)": {
    "count": 1394.0,
    "mean": 36983.23248206599,
    "std": 13111.489956851048,
    "min": 1762.11,
    "25%": 28742.44,
    "50%": 40141.59,
    "75%": 44929.69,
    "max": 101297.58
  },
  "CountryofOriginAvgIncomeEuros (Year-1)": {
    "count": 1394.0,
    "mean": 38204.39031563845,
    "std": 13922.25364493539,
    "min": 1890.2,
    "25%": 29668.86,
    "50%": 40833.24,
    "75%": 46213.27,
    "max": 103750.78
  },
  "CountryofOriginHDI (Year-1)": {
    "count": 1394.0,
    "mean": 0.8722109038737446,
    "std": 0.06921340426313474,
    "min": 0.51,
    "25%": 0.842,
    "50%": 0.898,
    "75%": 0.918,
    "max": 0.948
  }
}