{
  "BookingID": {
    "count": 11150.0,
    "mean": 25040.99955156951,
    "std": 8659.122219045006,
    "min": 10000.0,
    "25%": 17532.5,
    "50%": 25073.0,
    "75%": 32573.5,
    "max": 39997.0
  },
  "ArrivalYear": {
    "count": 11150.0,
    "mean": 2016.0,
    "std": 0.0,
    "min": 2016.0,
    "25%": 2016.0,
    "50%": 2016.0,
    "75%": 2016.0,
    "max": 2016.0
  },
  "ArrivalMonth": {
    "count": 11150.0,
    "mean": 6.865470852017937,
    "std": 3.181819574947452,
    "min": 1.0,
    "25%": 4.0,
    "50%": 7.0,
    "75%": 10.0,
    "max": 12.0
  },
  "ArrivalWeekNumber": {
    "count": 11150.0,
    "mean": 28.893811659192824,
    "std": 13.92708828338294,
    "min": 1.0,
    "25%": 17.0,
    "50%": 29.0,
    "75%": 41.0,
    "max": 53.0
  },
  "ArrivalDayOfMonth": {
    "count": 11150.0,
    "mean": 15.843497757847533,
    "std": 8.87283672021407,
    "min": 1.0,
    "25%": 8.0,
    "50%": 16.0,
    "75%": 24.0,
    "max": 31.0
  },
  "ArrivalHour": {
    "count": 11150.0,
    "mean": 18.86921524663677,
    "std": 2.884476634746831,
    "min": 14.0,
    "25%": 16.5,
    "50%": 19.0,
    "75%": 21.25,
    "max": 23.75
  },
  "WeekendStays": {
    "count": 11150.0,
    "mean": 0.8792825112107623,
    "std": 0.9387710481381853,
    "min": 0.0,
    "25%": 0.0,
    "50%": 1.0,
    "75%": 2.0,
    "max": 14.0
  },
  "WeekdayStays": {
    "count": 11150.0,
    "mean": 2.2924663677130046,
    "std": 1.7311771611136537,
    "min": 0.0,
    "25%": 1.0,
    "50%": 2.0,
    "75%": 3.0,
    "max": 34.0
  },
  "Adults": {
    "count": 11150.0,
    "mean": 1.8869955156950673,
    "std": 0.5495955630869943,
    "min": 0.0,
    "25%": 2.0,
    "50%": 2.0,
    "75%": 2.0,
    "max": 4.0
  },
  "Children": {
    "count": 11150.0,
    "mean": 0.1451121076233184,
    "std": 0.45883642470871006,
    "min": 0.0,
    "25%": 0.0,
    "50%": 0.0,
    "75%": 0.0,
    "max": 3.0
  },
  "Babies": {
    "count": 11150.0,
    "mean": 0.006547085201793722,
    "std": 0.08175691135076216,
    "min": 0.0,
    "25%": 0.0,
    "50%": 0.0,
    "75%": 0.0,
    "max": 2.0
  },
  "FirstTimeGuest": {
    "count": 11150.0,
    "mean": 0.9721973094170404,
    "std": 0.1644144926251089,
    "min": 0.0,
    "25%": 1.0,
    "50%": 1.0,
    "75%": 1.0,
    "max": 1.0
  },
  "AffiliatedCustomer": {
    "count": 11150.0,
    "mean": 0.005112107623318386,
    "std": 0.07131921312692129,
    "min": 0.0,
    "25%": 0.0,
    "50%": 0.0,
    "75%": 0.0,
    "max": 1.0
  },
  "PreviousReservations": {
    "count": 11150.0,
    "mean": 0.20816143497757847,
    "std": 2.0943709245059305,
    "min": 0.0,
    "25%": 0.0,
    "50%": 0.0,
    "75%": 0.0,
    "max": 53.0
  },
  "PreviousStays": {
    "count": 11150.0,
    "mean": 0.18134529147982062,
    "std": 1.8858661535321857,
    "min": 0.0,
    "25%": 0.0,
    "50%": 0.0,
    "75%": 0.0,
    "max": 48.0
  },
  "PreviousCancellations": {
    "count": 11150.0,
    "mean": 0.026816143497757846,
    "std": 0.3876029831812549,
    "min": 0.0,
    "25%": 0.0,
    "50%": 0.0,
    "75%": 0.0,
    "max": 13.0
  },
  "DaysUntilConfirmation": {
    "count": 11150.0,
    "mean": 0.7426008968609865,
    "std": 8.918136897164437,
    "min": 0.0,
    "25%": 0.0,
    "50%": 0.0,
    "75%": 0.0,
    "max": 224.0
  },
  "OnlineReservation": {
    "count": 11150.0,
    "mean": 0.9023318385650224,
    "std": 0.29687875697031213,
    "min": 0.0,
    "25%": 1.0,
    "50%": 1.0,
    "75%": 1.0,
    "max": 1.0
  },
  "BookingChanges": {
    "count": 11150.0,
    "mean": 0.2369506726457399,
    "std": 0.7147696934476635,
    "min": 0.0,
    "25%": 0.0,
    "50%": 0.0,
    "75%": 0.0,
    "max": 17.0
  },
  "BookingToArrivalDays": {
    "count": 11150.0,
    "mean": 69.50008968609866,
    "std": 66.28503690224898,
    "min": 0.0,
    "25%": 14.0,
    "50%": 49.0,
    "75%": 109.0,
    "max": 277.0
  },
  "ParkingSpacesBooked": {
    "count": 11150.0,
    "mean": 0.039103139013452914,
    "std": 0.19384904876725073,
    "min": 0.0,
    "25%": 0.0,
    "50%": 0.0,
    "75%": 0.0,
    "max": 1.0
  },
  "SpecialRequests": {
    "count": 11150.0,
    "mean": 0.6634977578475336,
    "std": 0.7953946049480133,
    "min": 0.0,
    "25%": 0.0,
    "50%": 0.0,
    "75%": 1.0,
    "max": 5.0
  },
  "PartOfGroup": {
    "count": 11150.0,
    "mean": 0.0016143497757847534,
    "std": 0.040148327668180744,
    "min": 0.0,
    "25%": 0.0,
    "50%": 0.0,
    "75%": 0.0,
    "max": 1.0
  },
  "CompanyReservation": {
    "count": 11150.0,
    "mean": 1.0,
    "std": 0.0,
    "min": 1.0,
    "25%": 1.0,
    "50%": 1.0,
    "75%": 1.0,
    "max": 1.0
  },
  "OrderedMealsPerDay": {
    "count": 11150.0,
    "mean": 0.8638565022421525,
    "std": 0.4477682242761464,
    "min": 0.0,
    "25%": 1.0,
    "50%": 1.0,
    "75%": 1.0,
    "max": 2.0
  },
  "FloorReserved": {
    "count": 11150.0,
    "mean": 5.028430493273542,
    "std": 1.5759535845789867,
    "min": 0.0,
    "25%": 3.0,
    "50%": 6.0,
    "75%": 6.0,
    "max": 6.0
  },
  "FloorAssigned": {
    "count": 11150.0,
    "mean": 4.768251121076233,
    "std": 1.713311019215682,
    "min": -1.0,
    "25%": 3.0,
    "50%": 6.0,
    "75%": 6.0,
    "max": 6.0
  },
  "DailyRateEuros": {
    "count": 11150.0,
    "mean": 108.29795605381166,
    "std": 36.992890857802166,
    "min": 0.0,
    "25%": 84.7,
    "50%": 103.7,
    "75%": 130.0,
    "max": 244.0
  },
  "DailyRateUSD": {
    "count": 11150.0,
    "mean": 107.21497649327355,
    "std": 36.62296194922415,
    "min": 0.0,
    "25%": 83.85300000000001,
    "50%": 102.663,
    "75%": 128.7,
    "max": 241.56
  },
  "%PaidinAdvance": {
    "count": 11150.0,
    "mean": 0.010635874439461884,
    "std": 0.10247926341686062,
    "min": 0.0,
    "25%": 0.0,
    "50%": 0.0,
    "75%": 0.0,
    "max": 1.0
  },
  "CountryofOriginAvgIncomeEuros (Year-2)": {
    "count": 11150.0,
    "mean": 36416.46807443946,
    "std": 12383.293521444208,
    "min": 1291.75,
    "25%": 28742.44,
    "50%": 36194.87,
    "75%": 44929.69,
    "max": 123308.2
  },
  "CountryofOriginAvgIncomeEuros (Year-1)": {
    "count": 11150.0,
    "mean": 37606.419207174884,
    "std": 13095.098129867545,
    "min": 1354.39,
    "25%": 29668.86,
    "50%": 36909.33,
    "75%": 46213.27,
    "max": 123822.08
  },
  "CountryofOriginHDI (Year-1)": {
    "count": 11150.0,
    "mean": 0.8719202690582958,
    "std": 0.06369569137373261,
    "min": 0.418,
    "25%": 0.842,
    "50%": 0.885,
    "75%": 0.918,
    "max": 0.948
  }
}