{
  "BookingID": {
    "count": 11150.0,
    "mean": 25014.387892376682,
    "std": 8655.41832178977,
    "min": 10000.0,
    "25%": 17534.75,
    "50%": 24999.5,
    "75%": 32502.5,
    "max": 39997.0
  },
  "ArrivalYear": {
    "count": 11150.0,
    "mean": 2016.0,
    "std": 0.0,
    "min": 2016.0,
    "25%": 2016.0,
    "50%": 2016.0,
    "75%": 2016.0,
    "max": 2016.0
  },
  "ArrivalMonth": {
    "count": 11150.0,
    "mean": 5.779910313901345,
    "std": 2.5857939988650833,
    "min": 1.0,
    "25%": 4.0,
    "50%": 6.0,
    "75%": 8.0,
    "max": 10.0
  },
  "ArrivalWeekNumber": {
    "count": 11150.0,
    "mean": 24.095336322869954,
    "std": 11.226688637360024,
    "min": 1.0,
    "25%": 15.0,
    "50%": 24.0,
    "75%": 34.0,
    "max": 43.0
  },
  "ArrivalDayOfMonth": {
    "count": 11150.0,
    "mean": 15.361255605381166,
    "std": 8.727139389158255,
    "min": 1.0,
    "25%": 8.0,
    "50%": 15.0,
    "75%": 23.0,
    "max": 31.0
  },
  "ArrivalHour": {
    "count": 11150.0,
    "mean": 18.88793721973094,
    "std": 2.888592012285745,
    "min": 14.0,
    "25%": 16.25,
    "50%": 19.0,
    "75%": 21.5,
    "max": 23.75
  },
  "WeekendStays": {
    "count": 11150.0,
    "mean": 0.8804484304932736,
    "std": 0.940971885034165,
    "min": 0.0,
    "25%": 0.0,
    "50%": 1.0,
    "75%": 2.0,
    "max": 14.0
  },
  "WeekdayStays": {
    "count": 11150.0,
    "mean": 2.254529147982063,
    "std": 1.73868331445226,
    "min": 0.0,
    "25%": 1.0,
    "50%": 2.0,
    "75%": 3.0,
    "max": 35.0
  },
  "Adults": {
    "count": 11150.0,
    "mean": 1.8951569506726458,
    "std": 0.5499890715029293,
    "min": 0.0,
    "25%": 2.0,
    "50%": 2.0,
    "75%": 2.0,
    "max": 4.0
  },
  "Children": {
    "count": 11150.0,
    "mean": 0.14340807174887893,
    "std": 0.45554855492878876,
    "min": 0.0,
    "25%": 0.0,
    "50%": 0.0,
    "75%": 0.0,
    "max": 3.0
  },
  "Babies": {
    "count": 11150.0,
    "mean": 0.007443946188340807,
    "std": 0.125064214366718,
    "min": 0.0,
    "25%": 0.0,
    "50%": 0.0,
    "75%": 0.0,
    "max": 10.0
  },
  "FirstTimeGuest": {
    "count": 11150.0,
    "mean": 0.9745291479820628,
    "std": 0.15755733594886018,
    "min": 0.0,
    "25%": 1.0,
    "50%": 1.0,
    "75%": 1.0,
    "max": 1.0
  },
  "AffiliatedCustomer": {
    "count": 11150.0,
    "mean": 0.006278026905829596,
    "std": 0.0789884349197471,
    "min": 0.0,
    "25%": 0.0,
    "50%": 0.0,
    "75%": 0.0,
    "max": 1.0
  },
  "PreviousReservations": {
    "count": 11150.0,
    "mean": 0.2116591928251121,
    "std": 2.099260839400139,
    "min": 0.0,
    "25%": 0.0,
    "50%": 0.0,
    "75%": 0.0,
    "max": 51.0
  },
  "PreviousStays": {
    "count": 11150.0,
    "mean": 0.17829596412556054,
    "std": 1.870110544123944,
    "min": 0.0,
    "25%": 0.0,
    "50%": 0.0,
    "75%": 0.0,
    "max": 47.0
  },
  "PreviousCancellations": {
    "count": 11150.0,
    "mean": 0.03336322869955157,
    "std": 0.4511860252655243,
    "min": 0.0,
    "25%": 0.0,
    "50%": 0.0,
    "75%": 0.0,
    "max": 13.0
  },
  "DaysUntilConfirmation": {
    "count": 11150.0,
    "mean": 0.8805381165919283,
    "std": 9.604049568808326,
    "min": 0.0,
    "25%": 0.0,
    "50%": 0.0,
    "75%": 0.0,
    "max": 224.0
  },
  "OnlineReservation": {
    "count": 11150.0,
    "mean": 0.9044843049327355,
    "std": 0.29393910246780797,
    "min": 0.0,
    "25%": 1.0,
    "50%": 1.0,
    "75%": 1.0,
    "max": 1.0
  },
  "BookingChanges": {
    "count": 11150.0,
    "mean": 0.2390134529147982,
    "std": 0.7578943897397112,
    "min": 0.0,
    "25%": 0.0,
    "50%": 0.0,
    "75%": 0.0,
    "max": 21.0
  },
  "BookingToArrivalDays": {
    "count": 11150.0,
    "mean": 69.43085201793723,
    "std": 64.8350440656867,
    "min": 0.0,
    "25%": 14.0,
    "50%": 50.0,
    "75%": 112.0,
    "max": 277.0
  },
  "ParkingSpacesBooked": {
    "count": 11150.0,
    "mean": 0.04269058295964125,
    "std": 0.2021676599141176,
    "min": 0.0,
    "25%": 0.0,
    "50%": 0.0,
    "75%": 0.0,
    "max": 1.0
  },
  "SpecialRequests": {
    "count": 11150.0,
    "mean": 0.6198206278026905,
    "std": 0.7697190745303779,
    "min": 0.0,
    "25%": 0.0,
    "50%": 0.0,
    "75%": 1.0,
    "max": 5.0
  },
  "PartOfGroup": {
    "count": 11150.0,
    "mean": 0.0015246636771300448,
    "std": 0.039018913653516576,
    "min": 0.0,
    "25%": 0.0,
    "50%": 0.0,
    "75%": 0.0,
    "max": 1.0
  },
  "CompanyReservation": {
    "count": 11150.0,
    "mean": 1.0,
    "std": 0.0,
    "min": 1.0,
    "25%": 1.0,
    "50%": 1.0,
    "75%": 1.0,
    "max": 1.0
  },
  "OrderedMealsPerDay": {
    "count": 11150.0,
    "mean": 0.8748878923766816,
    "std": 0.44203605616996705,
    "min": 0.0,
    "25%": 1.0,
    "50%": 1.0,
    "75%": 1.0,
    "max": 3.0
  },
  "FloorReserved": {
    "count": 11150.0,
    "mean": 5.000896860986547,
    "std": 1.581010933524765,
    "min": 0.0,
    "25%": 3.0,
    "50%": 6.0,
    "75%": 6.0,
    "max": 6.0
  },
  "FloorAssigned": {
    "count": 11150.0,
    "mean": 4.745381165919283,
    "std": 1.7133365725871395,
    "min": -1.0,
    "25%": 3.0,
    "50%": 6.0,
    "75%": 6.0,
    "max": 6.0
  },
  "DailyRateEuros": {
    "count": 11150.0,
    "mean": 110.22287623318387,
    "std": 37.25843825124698,
    "min": 0.0,
    "25%": 85.5,
    "50%": 106.2,
    "75%": 132.48,
    "max": 243.9
  },
  "DailyRateUSD": {
    "count": 11150.0,
    "mean": 109.12064747085202,
    "std": 36.885853868734515,
    "min": 0.0,
    "25%": 84.645,
    "50%": 105.138,
    "75%": 131.15519999999998,
    "max": 241.461
  },
  "%PaidinAdvance": {
    "count": 11150.0,
    "mean": 0.011712107623318386,
    "std": 0.107490815184147,
    "min": 0.0,
    "25%": 0.0,
    "50%": 0.0,
    "75%": 0.0,
    "max": 1.0
  },
  "CountryofOriginAvgIncomeEuros (Year-2)": {
    "count": 11150.0,
    "mean": 36578.435717488785,
    "std": 12100.747388069914,
    "min": 1291.75,
    "25%": 28742.44,
    "50%": 36194.87,
    "75%": 44929.69,
    "max": 123308.2
  },
  "CountryofOriginAvgIncomeEuros (Year-1)": {
    "count": 11150.0,
    "mean": 37775.03143049327,
    "std": 12809.839758200016,
    "min": 1354.39,
    "25%": 29668.86,
    "50%": 36909.33,
    "75%": 46213.27,
    "max": 123822.08
  },
  "CountryofOriginHDI (Year-1)": {
    "count": 11150.0,
    "mean": 0.8733606278026905,
    "std": 0.06166333684254757,
    "min": 0.418,
    "25%": 0.842,
    "50%": 0.885,
    "75%": 0.918,
    "max": 0.948
  }
}