{
  "accuracy_train": 0.8284304932735426,
  "accuracy_test": 0.7489239598278336,
  "f1_score_train": 0.7574489666539875,
  "f1_score_test": 0.6338912133891214,
  "recall_test": 0.6121212121212121,
  "precision_test": 0.6572668112798264
}