{
  "accuracy_train": 0.9999103139013453,
  "accuracy_test": 0.7446197991391679,
  "f1_score_train": 0.9998804256845629,
  "f1_score_test": 0.6276150627615062,
  "recall_test": 0.6060606060606061,
  "precision_test": 0.6507592190889371
}