{
  "accuracy_train": 0.909506726457399,
  "accuracy_test": 0.6556671449067432,
  "f1_score_train": 0.8718079024266294,
  "f1_score_test": 0.4594594594594595,
  "recall_test": 0.3688969258589512,
  "precision_test": 0.608955223880597
}