{
  "accuracy_train": 0.825829596412556,
  "accuracy_test": 0.6721664275466284,
  "f1_score_train": 0.7479231568016614,
  "f1_score_test": 0.4789053591790194,
  "recall_test": 0.379746835443038,
  "precision_test": 0.6481481481481481
}