{
  "count": 1394.0,
  "mean": 0.396700143472023,
  "std": 0.489388340757006,
  "min": 0.0,
  "25%": 0.0,
  "50%": 0.0,
  "75%": 1.0,
  "max": 1.0
}