{
  "accuracy_train": 0.7263677130044843,
  "accuracy_test": 0.7252510760401721,
  "f1_score_train": 0.5827977574182962,
  "f1_score_test": 0.5786578657865786,
  "recall_test": 0.5313131313131313,
  "precision_test": 0.6352657004830918
}