{
  "count": 11150.0,
  "mean": 0.36609865470852015,
  "std": 0.48175849249124375,
  "min": 0.0,
  "25%": 0.0,
  "50%": 0.0,
  "75%": 1.0,
  "max": 1.0
}