{
  "BookingID": {
    "count": 1394.0,
    "mean": 25007.718794835007,
    "std": 8688.589717006556,
    "min": 10012.0,
    "25%": 17471.0,
    "50%": 24835.5,
    "75%": 32590.0,
    "max": 39993.0
  },
  "ArrivalYear": {
    "count": 1394.0,
    "mean": 2016.0,
    "std": 0.0,
    "min": 2016.0,
    "25%": 2016.0,
    "50%": 2016.0,
    "75%": 2016.0,
    "max": 2016.0
  },
  "ArrivalMonth": {
    "count": 1394.0,
    "mean": 11.755380200860833,
    "std": 0.43001581674573675,
    "min": 11.0,
    "25%": 12.0,
    "50%": 12.0,
    "75%": 12.0,
    "max": 12.0
  },
  "ArrivalWeekNumber": {
    "count": 1394.0,
    "mean": 50.546628407460545,
    "std": 1.7972358838885703,
    "min": 48.0,
    "25%": 49.0,
    "50%": 50.0,
    "75%": 52.0,
    "max": 53.0
  },
  "ArrivalDayOfMonth": {
    "count": 1394.0,
    "mean": 18.40674318507891,
    "std": 9.317421355375696,
    "min": 1.0,
    "25%": 9.0,
    "50%": 21.0,
    "75%": 26.0,
    "max": 31.0
  },
  "ArrivalHour": {
    "count": 1394.0,
    "mean": 18.720229555236727,
    "std": 2.8450205270585127,
    "min": 14.0,
    "25%": 16.25,
    "50%": 18.5,
    "75%": 21.0,
    "max": 23.75
  },
  "WeekendStays": {
    "count": 1394.0,
    "mean": 0.9074605451936872,
    "std": 0.9544780205401143,
    "min": 0.0,
    "25%": 0.0,
    "50%": 1.0,
    "75%": 2.0,
    "max": 6.0
  },
  "WeekdayStays": {
    "count": 1394.0,
    "mean": 2.4978479196556673,
    "std": 1.7586813780062585,
    "min": 0.0,
    "25%": 1.0,
    "50%": 2.0,
    "75%": 3.0,
    "max": 18.0
  },
  "Adults": {
    "count": 1394.0,
    "mean": 1.8823529411764706,
    "std": 0.5456253499494828,
    "min": 0.0,
    "25%": 2.0,
    "50%": 2.0,
    "75%": 2.0,
    "max": 4.0
  },
  "Children": {
    "count": 1394.0,
    "mean": 0.15853658536585366,
    "std": 0.4717149712430851,
    "min": 0.0,
    "25%": 0.0,
    "50%": 0.0,
    "75%": 0.0,
    "max": 2.0
  },
  "Babies": {
    "count": 1394.0,
    "mean": 0.0028694404591104736,
    "std": 0.05350944551786403,
    "min": 0.0,
    "25%": 0.0,
    "50%": 0.0,
    "75%": 0.0,
    "max": 1.0
  },
  "FirstTimeGuest": {
    "count": 1394.0,
    "mean": 0.9634146341463414,
    "std": 0.1878088914665664,
    "min": 0.0,
    "25%": 1.0,
    "50%": 1.0,
    "75%": 1.0,
    "max": 1.0
  },
  "AffiliatedCustomer": {
    "count": 1394.0,
    "mean": 0.0,
    "std": 0.0,
    "min": 0.0,
    "25%": 0.0,
    "50%": 0.0,
    "75%": 0.0,
    "max": 0.0
  },
  "PreviousReservations": {
    "count": 1394.0,
    "mean": 0.16642754662840745,
    "std": 1.3623458530747456,
    "min": 0.0,
    "25%": 0.0,
    "50%": 0.0,
    "75%": 0.0,
    "max": 24.0
  },
  "PreviousStays": {
    "count": 1394.0,
    "mean": 0.15279770444763272,
    "std": 1.2337832748844233,
    "min": 0.0,
    "25%": 0.0,
    "50%": 0.0,
    "75%": 0.0,
    "max": 22.0
  },
  "PreviousCancellations": {
    "count": 1394.0,
    "mean": 0.013629842180774749,
    "std": 0.18317811893925257,
    "min": 0.0,
    "25%": 0.0,
    "50%": 0.0,
    "75%": 0.0,
    "max": 4.0
  },
  "DaysUntilConfirmation": {
    "count": 1394.0,
    "mean": 0.04160688665710186,
    "std": 1.3560602325576836,
    "min": 0.0,
    "25%": 0.0,
    "50%": 0.0,
    "75%": 0.0,
    "max": 50.0
  },
  "OnlineReservation": {
    "count": 1394.0,
    "mean": 0.8766140602582496,
    "std": 0.3289977147539087,
    "min": 0.0,
    "25%": 1.0,
    "50%": 1.0,
    "75%": 1.0,
    "max": 1.0
  },
  "BookingChanges": {
    "count": 1394.0,
    "mean": 0.25753228120516497,
    "std": 0.6522069832996708,
    "min": 0.0,
    "25%": 0.0,
    "50%": 0.0,
    "75%": 0.0,
    "max": 5.0
  },
  "BookingToArrivalDays": {
    "count": 1394.0,
    "mean": 68.83572453371592,
    "std": 74.52242482988355,
    "min": 0.0,
    "25%": 13.0,
    "50%": 42.0,
    "75%": 93.0,
    "max": 276.0
  },
  "ParkingSpacesBooked": {
    "count": 1394.0,
    "mean": 0.024390243902439025,
    "std": 0.15431280569332373,
    "min": 0.0,
    "25%": 0.0,
    "50%": 0.0,
    "75%": 0.0,
    "max": 1.0
  },
  "SpecialRequests": {
    "count": 1394.0,
    "mean": 0.7690100430416069,
    "std": 0.8462667621842087,
    "min": 0.0,
    "25%": 0.0,
    "50%": 1.0,
    "75%": 1.0,
    "max": 4.0
  },
  "PartOfGroup": {
    "count": 1394.0,
    "mean": 0.0014347202295552368,
    "std": 0.0378641027840579,
    "min": 0.0,
    "25%": 0.0,
    "50%": 0.0,
    "75%": 0.0,
    "max": 1.0
  },
  "CompanyReservation": {
    "count": 1394.0,
    "mean": 1.0,
    "std": 0.0,
    "min": 1.0,
    "25%": 1.0,
    "50%": 1.0,
    "75%": 1.0,
    "max": 1.0
  },
  "OrderedMealsPerDay": {
    "count": 1394.0,
    "mean": 0.8177905308464849,
    "std": 0.48355497006065085,
    "min": 0.0,
    "25%": 1.0,
    "50%": 1.0,
    "75%": 1.0,
    "max": 2.0
  },
  "FloorReserved": {
    "count": 1394.0,
    "mean": 5.166427546628407,
    "std": 1.5357404683747924,
    "min": 0.0,
    "25%": 5.0,
    "50%": 6.0,
    "75%": 6.0,
    "max": 6.0
  },
  "FloorAssigned": {
    "count": 1394.0,
    "mean": 4.892395982783357,
    "std": 1.6902786521906175,
    "min": -1.0,
    "25%": 3.0,
    "50%": 6.0,
    "75%": 6.0,
    "max": 6.0
  },
  "DailyRateEuros": {
    "count": 1394.0,
    "mean": 94.37723098995694,
    "std": 32.543888827371916,
    "min": 0.0,
    "25%": 75.0,
    "50%": 88.4,
    "75%": 108.875,
    "max": 231.0
  },
  "DailyRateUSD": {
    "count": 1394.0,
    "mean": 93.43345868005738,
    "std": 32.2184499390982,
    "min": 0.0,
    "25%": 74.25,
    "50%": 87.516,
    "75%": 107.78625000000001,
    "max": 228.69
  },
  "%PaidinAdvance": {
    "count": 1394.0,
    "mean": 0.007173601147776184,
    "std": 0.08442306202494125,
    "min": 0.0,
    "25%": 0.0,
    "50%": 0.0,
    "75%": 0.0,
    "max": 1.0
  },
  "CountryofOriginAvgIncomeEuros (Year-2)": {
    "count": 1394.0,
    "mean": 34479.638120516494,
    "std": 12808.562038692464,
    "min": 1291.75,
    "25%": 28742.44,
    "50%": 33525.74,
    "75%": 40141.59,
    "max": 101297.58
  },
  "CountryofOriginAvgIncomeEuros (Year-1)": {
    "count": 1394.0,
    "mean": 35611.14974175036,
    "std": 13600.6836002216,
    "min": 1354.39,
    "25%": 29668.86,
    "50%": 34912.48,
    "75%": 40833.24,
    "max": 103750.78
  },
  "CountryofOriginHDI (Year-1)": {
    "count": 1394.0,
    "mean": 0.8614949784791965,
    "std": 0.06836509640837957,
    "min": 0.432,
    "25%": 0.842,
    "50%": 0.885,
    "75%": 0.898,
    "max": 0.948
  }
}