{
  "count": 11150.0,
  "mean": 0.37506726457399103,
  "std": 0.4841619927169395,
  "min": 0.0,
  "25%": 0.0,
  "50%": 0.0,
  "75%": 1.0,
  "max": 1.0
}